<?xml version="1.0" encoding="UTF-8"?>
<!DOCTYPE article PUBLIC "-//NLM//DTD Article Authoring DTD v3.0 20080202//EN" 
"http://dtd.nlm.nih.gov/articleauthoring/3.0/articleauthoring3.dtd">
<article>
	<front>
		<article-meta>
			<title-group>
				<article-title>Comparing Forward-Error Correction and Redundancy</article-title>
			</title-group>
			<contrib-group>
				<contrib contrib-type="author">
					<name>
						<surname>Mouse</surname>
						<given-names>Anon E.</given-names>
					</name>
					<role>Master of Ceremonies</role>
					<aff>Institute of Scientific Research in Redundancy</aff>
					<address>
						<country>USA</country>
						<phone>301.555.1234</phone>
					</address>
					<email>anon.e.mouse@nowhere.net</email>
					<bio>
						<p>Anon E. Mouse is Master of Ceremonies at the Institute of Scientific Research in Redundancy. Her research in the field has been recognized by publications known thoughout the world as leading publications in her research field. Anon has made significant contributions to the standards most commonly used in the fields of error reporting and correction and continues to participate in the working groups for said standards.</p>
					</bio>					
				</contrib>
			</contrib-group>
			<permissions>
				<copyright-statement>Copyright 2010 by Anon E. Mouse</copyright-statement>
				<copyright-year>2010</copyright-year>
				<copyright-holder>Anon E. Mouse</copyright-holder>
				<license>
					<license-p>The copyright holder grants the U.S. National Library of Medicine permission to archive and post a copy of this paper on the Journal Article Tag Suite Conference proceedings website.</license-p>
				</license>
				<license license-type="open-access" xlink:href="http://creativecommons.org/licenses/by-nc/3.0/us/">
					<license-p>This work is licensed under a Creative Commons Attribution-Noncommercial 3.0 United States License</license-p>
				</license>
			</permissions>
			<abstract abstract-type="brief">				
				<p>The implications of "smart" technology have been far-reaching and pervasive. In this position paper, we disprove the evaluation of thin clients. Such a claim is generally an essential mission but has ample historical precedence. We conﬁrm that while RAID and IPv4 are rarely incompatible, the famous compact algorithm for the investigation of DNS<xref ref-type="bibr" rid="b1"/> runs in &#x398;(&#x221a;n<sup>n</sup>) time <xref ref-type="bibr" rid="b2"/>.</p>
			</abstract>
			<abstract>
				<sec>
					<title>Introduction</title>
					<p>Many researchers would agree that, had it not been for the construction of randomized algorithms, the appropriate unification of courseware and Scheme might never have occurred. In fact, few system administrators would disagree with the simulation of thin clients, which embodies the unproven principles of programming languages. In order to realize this intent, we disprove that write-back caches and XML are largely incompatible.</p>
				</sec>
				<sec>
					<title>Methods</title>
					<p>The properties of Moonbeam depend greatly on the assumptions inherent in our model; in this section, we outline those assumptions. Even though researchers entirely assume the exact opposite, Moonbeam depends on this property for correct behavior. Despite the results by V. Garcia et al., we can demonstrate that superblocks can be made game-theoretic, client-server, and scalable. Along these same lines, rather than requesting symbiotic modalities, our application chooses to control active networks</p>
					<p>Our implementation of our system is "smart", classical, and stable. Next, our system requires root access in order to learn event-driven theory. Further, since Moonbeam investigates 8 bit architectures, optimizing the virtual machine monitor was relatively straightforward. Since our system emulates symbiotic epistemologies, architecting the codebase of 46 C++ files was relatively straightforward. Leading analysts have complete control over the codebase of 15 Prolog files, which of course is necessary so that sensor networks and scatter/gather I/O can collude to surmount this quagmire. Although we have not yet optimized for performance, this should be simple once we finish architecting the hacked operating system.
					</p>
				</sec>
				<sec>
					<title>Results</title>
					<p>We now discuss our performance analysis. Our overall evaluation method seeks to prove three hypotheses: (1) that median complexity is a good way to measure average interrupt rate; (2) that sampling rate is even more important than a solution's effective ABI when minimizing clock speed; and finally (3) that effective popularity of extreme programming is less important than NV-RAM space when minimizing seek time. Our evaluation strategy holds suprising results for patient reader. </p>
					<p>Building a sufficient software environment took time, but was well worth it in the end. All software components were compiled using GCC 1.9.2, Service Pack 2 linked against introspective libraries for improving linked lists. While such a claim at first glance seems perverse, it fell in line with our expectations. All software was linked using AT&amp;T System V's compiler with the help of Q. Ramamurthy's libraries for lazily visualizing the lookaside buffer. On a similar note, we note that other researchers have tried and failed to enable this functionality.</p>
				</sec>
			</abstract>
		</article-meta>
	</front>
	<body>		
		<sec>
			<title>Introduction</title>
			<p>The deployment of Byzantine fault tolerance has refined checksums, and current trends suggest that the study of operating systems will soon emerge. Given the current status of flexible theory, cyberneticists particularly desire the evaluation of hash tables. The notion that mathematicians collude with pseudorandom configurations is never considered unproven. To what extent can hash tables be simulated to address this grand challenge?</p>
			<p>Unfortunately, this method is fraught with difficulty, largely due to the partition table <xref ref-type="bibr" rid="b3"/>. By comparison, even though conventional wisdom states that this quagmire is always addressed by the synthesis of 802.11b, we believe that a different solution is necessary. For example, many methods prevent heterogeneous epistemologies. Although similar heuristics emulate atomic technology, we accomplish this goal without investigating multi-processors.</p>
			<p>We concentrate our efforts on demonstrating that Moore's Law and wide-area networks are generally incompatible. Even though such a claim is never a private mission, it is derived from known results. On the other hand, this method is generally considered significant. Our intent here is to set the record straight. Indeed, IPv7 and red-black trees have a long history of interfering in this manner. The shortcoming of this type of method, however, is that expert systems and link-level acknowledgements are usually incompatible. Obviously, we see no reason not to use compact models to construct information retrieval systems.</p>
			<p>In this position paper we present the following contributions in detail. To start off with, we validate that the seminal probabilistic algorithm for the emulation of online algorithms by Noam Chomsky et al. <xref ref-type="bibr" rid="b4"/> is Turing complete. Along these same lines, we argue not only that the UNIVAC computer and public-private key pairs can agree to achieve this intent, but that the same is true for checksums.</p>
			<table-wrap position="float" id="tbl1">
				<caption>
					<title>Sphingolipid content of WT and Galgt1 Siat9 double-null brains</title>
					<p>Quantitation of ceramide (Cer), hexosylceramide (HexosylCer), lactosylceramide (LactosylCer), SM4s, and SM3 in lipid extracts from two brains from WT mice (WT 1 and 2) and two brains from <italic>Galgt1 Siat9</italic> double-null mice (<italic>Galgt1Siat9</italic>DN 1 and 2).</p>
				</caption>
				<table frame="hsides" rules="groups">
					<thead>
						<tr>
							<th align="left" valign="top">Sphingolipid</th>
							<th align="center" valign="top">WT 1</th>
							<th align="center" valign="top">WT 2</th>
							<th align="center" valign="top"><italic>Galgt1 Siat9</italic> DN 1</th>
							<th align="center" valign="top"><italic>Galgt1 Siat9</italic> DN 2</th>
						</tr>
					</thead>
					<tbody>
						<tr>
							<td align="left" valign="top">Cer</td>
							<td align="right" valign="top">1,200</td>
							<td align="right" valign="top">610</td>
							<td align="right" valign="top">730</td>
							<td align="right" valign="top">300</td>
						</tr>
						<tr>
							<td align="left" valign="top">HexosylCer</td>
							<td align="right" valign="top">4,400</td>
							<td align="right" valign="top">4,700</td>
							<td align="right" valign="top">4,700</td>
							<td align="right" valign="top">7,600</td>
						</tr>
						<tr>
							<td align="left" valign="top">LactosylCer</td>
							<td align="right" valign="top">&#x0003c;200</td>
							<td align="right" valign="top">&#x0003c;200</td>
							<td align="right" valign="top">3,700</td>
							<td align="right" valign="top">2,700</td>
						</tr>
						<tr>
							<td align="left" valign="top">SM4s</td>
							<td align="right" valign="top">2,200</td>
							<td align="right" valign="top">2,000</td>
							<td align="right" valign="top">2,800</td>
							<td align="right" valign="top">2,700</td>
						</tr>
						<tr>
							<td align="left" valign="top">SM3 (LacCer II<sup>3</sup>-sulfate)</td>
							<td align="right" valign="top">&#x0003c;40</td>
							<td align="right" valign="top">&#x0003c;40</td>
							<td align="right" valign="top">450</td>
							<td align="right" valign="top">480</td>
						</tr>
					</tbody>
				</table>
				<table-wrap-foot>
					<fn>
						<p>Values are in picomoles of lipid per milligram of wet weight.</p>
					</fn>
				</table-wrap-foot>
			</table-wrap>
			<p>The rest of this paper is organized as follows. We motivate the need for replication. Along these same lines, we prove the deployment of the UNIVAC computer. Further, we place our work in context with the prior work in this area. Ultimately, we conclude.</p>
		</sec>
		<sec>
			<title>Related Work</title>
			<p>In designing Sad, we drew on prior work from a number of distinct areas. The choice of rasterization in <xref ref-type="bibr" rid="b5"/> differs from ours in that we enable only intuitive epistemologies in our system <xref ref-type="bibr" rid="b1"/>. We plan to adopt many of the ideas from this prior work in future versions of Sad.</p>
			<sec>
				<title>IPv7</title>
				<p>Several semantic and low-energy methods have been proposed in the literature <xref ref-type="bibr" rid="b6"/>. We had our method in mind before Zhou and Zhou published the recent well-known work on the understanding of A* search. While this work was published before ours, we came up with the approach first but could not publish it until now due to red tape. Similarly, Sun <xref ref-type="bibr" rid="b7"/> developed a similar heuristic, contrarily we argued that our methodology is NP-complete <xref ref-type="bibr" rid="b8"/>. Usability aside, our application visualizes less accurately. Maruyama and Scott Shenker constructed the first known instance of compact algorithms. A comprehensive survey <xref ref-type="bibr" rid="b9"/> is available in this space. All of these solutions conflict with our assumption that permutable algorithms and the study of I/O automata are private <xref ref-type="bibr" rid="b10 b11 b2"/>. It remains to be seen how valuable this research is to the steganography community.</p>
			</sec>
			<sec>
				<title>Encrypted Methodologies</title>
				<p>Our solution is related to research into the development of B-trees, Internet QoS, and psychoacoustic communication <xref ref-type="bibr" rid="b5"/>. Next, Kobayashi and Bose <xref ref-type="bibr" rid="b1 b12 b2 b3 b13"/> and Anderson and Takahashi <xref ref-type="bibr" rid="b14"/> proposed the first known instance of operating systems. An analysis of the Ethernet proposed by I. Smith et al. fails to address several key issues that our algorithm does address. It remains to be seen how valuable this research is to the self-learning cyberinformatics community. Finally, note that Sad harnesses active networks; thusly, Sad runs in Θ(<italic>n</italic>!) time <xref ref-type="bibr" rid="b15"/>. Therefore, if performance is a concern, our framework has a clear advantage.</p>
				<p>Sun and Kumar <xref ref-type="bibr" rid="b16"/> suggested a scheme for simulating redundancy, but did not fully realize the implications of the synthesis of systems at the time. The only other noteworthy work in this area suffers from fair assumptions about atomic epistemologies <xref ref-type="bibr" rid="b17"/>. Lee and Brown <xref ref-type="bibr" rid="b18 b19 b20"/> proposed the first known instance of e-commerce. The original approach to this quagmire by Kumar and Suzuki <xref ref-type="bibr" rid="b21"/> was well-received; contrarily, this outcome did not completely accomplish this purpose <xref ref-type="bibr" rid="b22 b16 b11"/>. The well-known solution <xref ref-type="bibr" rid="b23"/> does not prevent the synthesis of B-trees as well as our method. The original approach to this obstacle by Mark Gayson et al. <xref ref-type="bibr" rid="b8"/> was well-received; on the other hand, such a claim did not completely answer this question <xref ref-type="bibr" rid="b13"/>. Our system represents a significant advance above this work. Our approach to the exploration of compilers differs from that of R. Tarjan <xref ref-type="bibr" rid="b21 b24 b25"/> as well.</p>
			</sec>
		</sec>
			<sec>
				<title>Permutable Configurations</title>
				<p>Motivated by the need for RPCs, we now propose an architecture for disproving that the location-identity split and the Ethernet are usually incompatible. This may or may not actually hold in reality. We estimate that the acclaimed encrypted algorithm for the emulation of suffix trees by Thompson and Li <xref ref-type="bibr" rid="b26"/> runs in O(2<sup><italic>n</italic></sup>) time. This may or may not actually hold in reality. The design for Sad consists of four independent components: highly-available theory, heterogeneous technology, the memory bus, and compilers. We use our previously refined results as a basis for all of these assumptions. This seems to hold in most cases.</p>
				<fig id="f1">
					<caption>
						<title>Sad's unstable construction.</title>
					</caption>
					<graphic xlink:href="sample-f1.jpg"/>
				</fig>
				<p>Suppose that there exists wearable archetypes such that we can easily construct evolutionary programming <xref ref-type="bibr" rid="b27"/>. Rather than locating e-commerce, Sad chooses to control empathic epistemologies. Clearly, the framework that Sad uses is feasible.</p>
				<p>Sad relies on the compelling architecture outlined in the recent seminal work by Davis et al. in the field of programming languages. The design for our heuristic consists of four independent components: scalable communication, scalable theory, perfect archetypes, and Bayesian theory. Along these same lines, <xref ref-type="fig" rid="f1">Figure 1</xref> details Sad's cooperative construction. Even though analysts generally assume the exact opposite, our application depends on this property for correct behavior. We scripted a trace, over the course of several weeks, proving that our design is feasible. Though electrical engineers regularly estimate the exact opposite, our algorithm depends on this property for correct behavior. <xref ref-type="fig" rid="f1">Figure 1</xref> details the relationship between Sad and collaborative configurations. This may or may not actually hold in reality. Despite the results by Sato et al., we can verify that courseware can be made ambimorphic, collaborative, and linear-time. Though leading analysts always hypothesize the exact opposite, Sad depends on this property for correct behavior.</p>
				<disp-formula id="fd1">
					<mml:math id="m1"><mml:mstyle displaystyle="true"><mml:mrow><mml:msub><mml:mrow><mml:mi>P</mml:mi></mml:mrow><mml:mrow><mml:mi>nc</mml:mi></mml:mrow></mml:msub><mml:mo>=</mml:mo><mml:mo>-</mml:mo><mml:mn>2</mml:mn><mml:msub><mml:mrow><mml:mi>&#x3c1;</mml:mi></mml:mrow><mml:mrow><mml:mi>f</mml:mi></mml:mrow></mml:msub><mml:mo stretchy="false">(</mml:mo><mml:msub><mml:mrow><mml:mo>&#x2202;</mml:mo></mml:mrow><mml:mrow><mml:mi>t</mml:mi></mml:mrow></mml:msub><mml:msub><mml:mrow><mml:mi>&#x278;</mml:mi></mml:mrow><mml:mrow><mml:mi>nc</mml:mi></mml:mrow></mml:msub><mml:mo>+</mml:mo><mml:mi>U</mml:mi><mml:msub><mml:mrow><mml:mo>&#x2202;</mml:mo></mml:mrow><mml:mrow><mml:mi>x</mml:mi></mml:mrow></mml:msub><mml:msub><mml:mrow><mml:mi>&#x278;</mml:mi></mml:mrow><mml:mrow><mml:mi>nc</mml:mi></mml:mrow></mml:msub><mml:mo stretchy="false">)</mml:mo><mml:mo>=</mml:mo><mml:mfrac><mml:mrow><mml:msub><mml:mrow><mml:mi>&#x3c1;</mml:mi></mml:mrow><mml:mrow><mml:mi>f</mml:mi></mml:mrow></mml:msub><mml:mi>U</mml:mi><mml:mo stretchy="false">(</mml:mo><mml:mn>2</mml:mn><mml:mi>x</mml:mi><mml:mo>-</mml:mo><mml:mi>L</mml:mi><mml:mo stretchy="false">)</mml:mo></mml:mrow><mml:mrow><mml:msqrt><mml:mrow><mml:mi>x</mml:mi><mml:mo stretchy="false">(</mml:mo><mml:mi>L</mml:mi><mml:mo>-</mml:mo><mml:mi>x</mml:mi><mml:mo stretchy="false">)</mml:mo></mml:mrow></mml:msqrt></mml:mrow></mml:mfrac><mml:mo stretchy="false">(</mml:mo><mml:msub><mml:mrow><mml:mi>Y</mml:mi></mml:mrow><mml:mrow><mml:mi>t</mml:mi></mml:mrow></mml:msub><mml:mo>+</mml:mo><mml:msub><mml:mrow><mml:mi>UY</mml:mi></mml:mrow><mml:mrow><mml:mi>x</mml:mi></mml:mrow></mml:msub><mml:mo stretchy="false">)</mml:mo><mml:mo>-</mml:mo><mml:mn>2</mml:mn><mml:msqrt><mml:mrow><mml:mi>x</mml:mi><mml:mo stretchy="false">(</mml:mo><mml:mi>L</mml:mi><mml:mo>-</mml:mo><mml:mi>x</mml:mi><mml:mo stretchy="false">)</mml:mo></mml:mrow></mml:msqrt><mml:msub><mml:mrow><mml:mi>&#x3c1;</mml:mi></mml:mrow><mml:mrow><mml:mi>f</mml:mi></mml:mrow></mml:msub><mml:msub><mml:mrow><mml:mi>Y</mml:mi></mml:mrow><mml:mrow><mml:mi>tt</mml:mi></mml:mrow></mml:msub><mml:mo>.</mml:mo></mml:mrow></mml:mstyle></mml:math>
				</disp-formula>
			</sec>
			<sec>
				<title>Implementation</title>
				<p>Though many skeptics said it couldn't be done (most notably Kobayashi), we motivate a fully-working version of Sad. Next, it was necessary to cap the instruction rate used by our framework to 573 man-hours. Since Sad enables object-oriented languages, implementing the collection of shell scripts was relatively straightforward. Sad is composed of a hacked operating system, a virtual machine monitor, and a collection of shell scripts. Next, the virtual machine monitor contains about 9591 instructions of Perl. While such a hypothesis might seem unexpected, it fell in line with our expectations. Overall, our heuristic adds only modest overhead and complexity to existing symbiotic frameworks.</p>
			</sec>
			<sec>
				<title>Experimental Evaluation</title>
				<p>Our evaluation represents a valuable research contribution in and of itself. Our overall evaluation method seeks to prove three hypotheses:
					<list list-type="order">
						<list-item><p>that the LISP machine of yesteryear actually exhibits better average latency than today's hardware;</p></list-item>
						<list-item><p>that signal-to-noise ratio is a good way to measure expected latency; and finally</p></list-item>
						<list-item><p>that median response time is not as important as USB key speed when maximizing expected throughput.</p></list-item>
					</list>
					The reason for this is that studies have shown that effective hit ratio is roughly 00% higher than we might expect <xref ref-type="bibr" rid="b28"/>. Furthermore, we are grateful for DoS-ed, wired systems; without them, we could not optimize for security simultaneously with simplicity. Our evaluation strives to make these points clear.</p>
				<sec>
					<title>Hardware and Software Configuration</title>
					<fig id="f2">
						<caption>
							<title>The average signal-to-noise ratio of Sad, as a function of instruction rate.</title>
						</caption>
						<graphic xlink:href="sample-f2.jpg"/>
					</fig>
					<p>Our detailed evaluation methodology required many hardware modifications. We performed a simulation on UC Berkeley's XBox network to prove peer-to-peer algorithms's lack of influence on the paradox of programming languages. We removed a 200kB USB key from MIT's decommissioned LISP machines. On a similar note, we halved the signal-to-noise ratio of our system to investigate algorithms. Had we emulated our XBox network, as opposed to emulating it in courseware, we would have seen muted results. Third, we added more CISC processors to MIT's knowledge-based overlay network. The Ethernet cards described here explain our conventional results. Next, we added some 10GHz Intel 386s to our interactive overlay network. With this change, we noted degraded latency degredation. Finally, Soviet physicists added more RAM to our network.</p>
					<fig id="f3">
						<caption>
							<title>The effective work factor of Sad, compared with the other heuristics.</title>
						</caption>
						<graphic xlink:href="sample-f3.jpg"/>
					</fig>
					<p>Sad does not run on a commodity operating system but instead requires a lazily reprogrammed version of EthOS Version 6.7.5. all software components were hand assembled using AT&amp;T System V's compiler with the help of Douglas Engelbart's libraries for collectively emulating DHTs. We implemented our consistent hashing server in Scheme, augmented with provably independent extensions. This might seem perverse but is supported by prior work in the field. Along these same lines, Third, all software components were hand assembled using AT&amp;T System V's compiler with the help of S. Wilson's libraries for computationally emulating parallel SMPs. This concludes our discussion of software modifications.</p>
					<fig id="f4">
						<caption>
							<p>Note that seek time grows as seek time decreases&#x2014;a phenomenon worth simulating in its own right.</p>
						</caption>
						<graphic xlink:href="sample-f4.jpg"/>
					</fig>
				</sec>
				<sec>
					<title>Experimental Results</title>
					<fig id="f5">
						<caption>
							<p>Note that clock speed grows as seek time decreases&#x0414;a phenomenon worth emulating in its own right.</p>
						</caption>
						<graphic xlink:href="sample-f5.jpg"/>
					</fig>
					<p>Is it possible to justify the great pains we took in our implementation? Yes, but with low probability. Seizing upon this ideal configuration, we ran four novel experiments: (1) we deployed 58 Apple Newtons across the underwater network, and tested our linked lists accordingly; (2) we measured hard disk speed as a function of optical drive throughput on an Apple ][e; (3) we ran von Neumann machines on 91 nodes spread throughout the 2-node network, and compared them against RPCs running locally; and (4) we asked (and answered) what would happen if topologically noisy interrupts were used instead of 128 bit architectures <xref ref-type="bibr" rid="b14"/>. All of these experiments completed without access-link congestion or paging.</p>
					<p>Now for the climactic analysis of experiments (1) and (3) enumerated above. Error bars have been elided, since most of our data points fell outside of 87 standard deviations from observed means. These signal-to-noise ratio observations contrast to those seen in earlier work <xref ref-type="bibr" rid="b29"/>, such as Maurice V. Wilkes's seminal treatise on semaphores and observed RAM space <xref ref-type="bibr" rid="b9"/>. Third, note how deploying sensor networks rather than simulating them in bioware produce less discretized, more reproducible results.</p> 
					<p>We next turn to experiments (3) and (4) enumerated above, shown in <xref ref-type="fig" rid="f5">Figure 5</xref>. These popularity of XML observations contrast to those seen in earlier work <xref ref-type="bibr" rid="b12"/>, such as V. Shastri's seminal treatise on spreadsheets and observed effective floppy disk space. Further, note that <xref ref-type="fig" rid="f5">Figure 5</xref> shows the <italic>10th-percentile</italic> and not <italic>expected</italic> wired effective USB key speed. Such a hypothesis is regularly a technical mission but always conflicts with the need to provide massive multiplayer online role-playing games to leading analysts. Along these same lines, note how deploying semaphores rather than simulating them in courseware produce smoother, more reproducible results.</p>
					<p>Lastly, we discuss experiments (1) and (3) enumerated above <xref ref-type="bibr" rid="b30"/>. The data in <xref ref-type="fig" rid="f2">Figure 2</xref>, in particular, proves that four years of hard work were wasted on this project. Operator error alone cannot account for these results. Third, note how simulating massive multiplayer online role-playing games rather than emulating them in courseware produce less jagged, more reproducible results <xref ref-type="bibr" rid="b31"/>.</p>
				</sec>
			</sec>
			<sec>
				<title>Conclusion</title>
				<p>In conclusion, our experiences with Sad and IPv6 disprove that Markov models and Smalltalk can interact to solve this obstacle. Sad is able to successfully harness many systems at once. We also introduced an analysis of suffix trees. We expect to see many analysts move to emulating Sad in the very near future.</p>
				<p>We disproved in this work that the famous ubiquitous algorithm for the improvement of neural networks by Gupta et al. runs in &#x39a;(2<sup><italic>n</italic></sup>) time, and Sad is no exception to that rule. Sad can successfully improve many information retrieval systems at once. It is often an important mission but fell in line with our expectations. We proved that usability in our framework is not a riddle. Sad has set a precedent for optimal technology, and we expect that security experts will analyze our heuristic for years to come. We see no reason not to use our heuristic for studying game-theoretic symmetries.</p>
			</sec>		
	</body>
	<back>
		<ack>
			<p>The author to thank the creators of the <ext-link ext-link-type="uri" xlink:href="http://pdos.csail.mit.edu/scigen/">SCIgen</ext-link> program which created the vast majority of content in this article.</p>
		</ack>
		<ref-list>
			<ref id="b1">
				<mixed-citation publication-type="confproc"><name><surname>Wang</surname><given-names>B</given-names></name>. <article-title>Deconstructing hierarchical databases</article-title>. <source>Proceedings of the Conference on Amphibious, Multimodal Modalities</source>. <year>2000</year> <month>May</month>.</mixed-citation>
			</ref>
			<ref id="b2">
				<mixed-citation publication-type="journal">
					<name><surname>Davis</surname><given-names>T</given-names></name>. <article-title>The Ethernet considered harmful</article-title>. <source>Journal of Efficient Information</source>. <year>2004</year> <month>Sep</month>; <volume>39</volume>(<issue>1</issue>): <fpage>78</fpage>-<lpage>89</lpage>. DOI: <pub-id pub-id-type="doi">10.1x42/xya.2054-1431</pub-id>.</mixed-citation>
			</ref>
			<ref id="b3">
				<mixed-citation publication-type="journal" publication-format="web"><name><surname>Reich</surname><given-names>T</given-names></name>, <name><surname>Gefen</surname><given-names>A</given-names></name>. <article-title>Effect of trabecular bone loss on cortical strain rate during impact in an in vitro model of avian femur</article-title>. <source>Biomed Eng Online [Internet]</source>. <comment>Forthcoming 2006.</comment></mixed-citation>
			</ref>
			<ref id="b4">
				<mixed-citation publication-type="blog" publication-format="web"><name><surname>Holt</surname><given-names>M</given-names></name>. <source>The Health Care Blog [Internet]</source>. <publisher-loc>San Francisco</publisher-loc>:<publisher-name>Matthew Holt</publisher-name>. <year>2003</year> <month>Oct</month> - [<date-in-citation>cited 2007 May 16</date-in-citation>]. Available from: <uri>http://www.thehealthcareblog.com/the_health_care_blog/</uri>.</mixed-citation> 
			</ref>
			<ref id="b5">
				<mixed-citation publication-type="journal"><name><surname>Wirth</surname><given-names>N</given-names></name>. 	<article-title>A metholodology for the exploration of robots</article-title>. <source>Journal of Wearable, Concurrent Models</source>. 		<year>2003</year> <month>Nov</month>; <volume>92</volume>(<issue>1</issue>); <fpage>76</fpage>-<lpage>97</lpage>.</mixed-citation>
			</ref>
			<ref id="b6">				
				<mixed-citation publication-type="book" publication-format="print"><name><surname>Riffenburgh</surname><given-names>RH</given-names></name>. <source>Statistics in medicine</source>. <edition>2nd ed</edition>. <publisher-loc>Amsterdam (Netherlands)</publisher-loc>: <publisher-name>Elsevier Academic Press</publisher-name>; <year>c2006</year>. <chapter-title>Chapter 24, Regression and correlation methods</chapter-title>; p. <fpage>447</fpage>-<lpage>486</lpage>.</mixed-citation> 
			</ref>
			<ref id="b7">
				<mixed-citation publication-type="webpage"><source>AMA: helping doctors help patients [Internet]</source>. <publisher-loc>Chicago</publisher-loc>: <publisher-name>American Medical Association</publisher-name>; <year>c1995-2007</year> [<date-in-citation>cited 2007 Feb 22</date-in-citation>]. Available from: <uri>http://www.ama-assn.org/</uri>.</mixed-citation>
			</ref>
			<ref id="b8">
				<mixed-citation publication-type="paper"><name><surname>Patrias</surname><given-names>K</given-names></name>. <article-title>Computer-compatible writing and editing</article-title>. Paper presented at: <conf-name>Interacting with the digital environment: modern scientific publishing. 46th Annual Meeting of the Council of Science Editors</conf-name>; <conf-date>2003 May 3-6</conf-date>; <conf-loc>Pittsburgh, PA</conf-loc>.</mixed-citation> 
			</ref>
			<ref id="b9">
				<mixed-citation publication-type="confproc"><name><surname>Lakshminarayanan</surname><given-names>K</given-names></name>. <article-title>Heterogeneous models</article-title>. <source>Proceedings of the Symposium on Virtual, Flexible Algorithms</source>. <year>1990</year> <month>Oct</month>.</mixed-citation>
			</ref>
			<ref id="b10">
				<mixed-citation publication-type="confproc"><name><surname>Kahan</surname><given-names>W</given-names></name>. <article-title>OralPuggry: Stable, trainable models</article-title>. <source>Proceedings of the Symposium on Extensible, Lossless Epistemologies</source>. <year>2003</year> <month>Mar</month>.</mixed-citation>
			</ref>
			<ref id="b11">
				<mixed-citation publication-type="journal"><name><surname>Subramanian</surname><given-names>L</given-names></name>, <name><surname>Karp</surname><given-names>R</given-names></name>, <name><surname>White</surname><given-names>S</given-names></name>. <article-title>Stochastic, stable technology</article-title>. <source>IEEE JSAC</source>. <year>2004</year> <month>Aug</month>; <volume>12</volume>(<issue>1</issue>): <fpage>20</fpage>-<lpage>24</lpage>.</mixed-citation>
			</ref>
			<ref id="b12">
				<mixed-citation publication-type="confproc"><name><surname>Needham</surname><given-names>R</given-names></name>. <article-title>Exploring von Neumann machines and flip-flop gates using EctalHine</article-title>. <source>Proceedings of the Conference on Stochastic, Real-Time, Game-Theoretic Technology</source>. <year>2001</year> <month>Nov</month>.</mixed-citation>
			</ref>
			<ref id="b13">
				<mixed-citation publication-type="confproc"><name><surname>Quinlan</surname><given-names>J</given-names></name>. <article-title>KamFoxes: A Methodology for the construction of DNS</article-title>. <source>Proceedings of the Workshop on Omniscient Models</source>. <year>1980</year> <month>Jan</month>.</mixed-citation>
			</ref>
			<ref id="b14">
				<mixed-citation publication-type="confproc"><name><surname>Agarwal</surname><given-names>R</given-names></name>. <article-title>Distributed, read-write algorithms</article-title>. <source>Proceedings of the Workshop on Highly-Available, Relational, Electronic Algorithms</source>. <year>2000</year> <month>Oct</month>.</mixed-citation>
			</ref>
			<ref id="b15">
				<mixed-citation publication-type="journal"><name><surname>Floyd</surname><given-names>R</given-names></name>. <article-title>Ixtle: Client-server, authenticated methodologies</article-title>. <source>Journal of Pervasive, Psychoacoustic Configurations</source>. <year>2002</year> <month>Mar</month>; <volume>68</volume>(<issue>1</issue>): <fpage>1</fpage>-<lpage>17</lpage>.</mixed-citation>
			</ref>
			<ref id="b16">
				<mixed-citation publication-type="journal"><name><surname>Sasaki</surname><given-names>D</given-names></name>. <article-title>Terma: A methodology for the emulation of reinforcement learning</article-title>. <source>Journal of Permutable, Client-Server Methodologies</source>. <year>2004</year> <month>Aug</month>; <volume>9</volume>(<issue>1</issue>): <fpage>1</fpage>-<lpage>19</lpage>.</mixed-citation>
			</ref>
			<ref id="b17">
				<mixed-citation publication-type="confproc"><name><surname>Reddy</surname><given-names>R</given-names></name>. <article-title>A methodology for the emulation of write-ahead logging</article-title>. <source>Proceedings of the Workshop on Knowledge-Based Symmetries</source>. <year>2000</year> <month>Feb</month>.</mixed-citation>
			</ref>
			<ref id="b18">
				<mixed-citation publication-type="report"><name><surname>Jackson</surname><given-names>S</given-names></name>. <article-title>Synthesizing the memory bus and operating systems using SmolderingNep</article-title>. <source>Devry Technical Institute, Technical Report 65-2572</source>. <year>1991</year> <month>Sep</month>.</mixed-citation>
			</ref>
			<ref id="b19">
				<mixed-citation publication-type="journal"><name><surname>Harris</surname><given-names>R</given-names></name>, <name><surname>Perlis</surname><given-names>A</given-names></name>, <name><surname>Patterson</surname><given-names>D</given-names></name>, <name><surname>Johnson</surname><given-names>M</given-names></name>. <article-title>A case for consistent hashing</article-title>. <source>Journal of Amphibious, Permutable, Event-Driven Information</source>. <year>2000</year> <month>Mau</month>; <volume>91</volume>(<issue>2</issue>): <fpage>71</fpage>-<lpage>90</lpage>.</mixed-citation>
			</ref>
			<ref id="b20">
				<mixed-citation publication-type="confproc"><name><surname>Scott</surname><given-names>DS</given-names></name>. <article-title>An analysis of congestion control with CUB</article-title>. <source>Proceedings of SOSP</source>. <year>2004</year> <month>Nov</month>.</mixed-citation>
			</ref>
			<ref id="b21">
				<mixed-citation publication-type="journal"><name><surname>Kaashoek</surname><given-names>MF</given-names></name>. <article-title>Development of fiber-optic cables</article-title>. <source>Journal of Autonomous, Optimal Epistemologies</source>. <year>2003</year> <month>4</month>; <volume>17</volume>(<issue>2</issue>): <fpage>71</fpage>-<lpage>96</lpage>.</mixed-citation>
			</ref>
			<ref id="b22">
				<mixed-citation publication-type="confproc"><name><surname>Robinson</surname><given-names>Y</given-names></name>. <article-title>Ambimorphic, homogenous configurations for digital-to-analog converters</article-title>. <source>Proceedings of the Symposium on Scalable, Classical Theory</source>. <year>2000</year> <month>Jan</month>.</mixed-citation>
			</ref>
			<ref id="b23">
				<mixed-citation publication-type="confproc"><name><surname>Kumar</surname><given-names>J</given-names></name>. <article-title>A methodology for the improvement of replication</article-title>. <source>Proceedings of the Workshop on Multimodal Theory</source>. <year>1998</year> <month>Apr</month>.</mixed-citation>
			</ref>
			<ref id="b24">
				<mixed-citation publication-type="journal"><name><surname>Ullman</surname><given-names>J</given-names></name>. <article-title>The effect of trainable archetypes on artifical intelligence</article-title>. <source>OSR</source>. <year>2004</year> <month>Aug</month>; <volume>3</volume>(<issue>1</issue>): <fpage>20</fpage>-<lpage>24</lpage>.</mixed-citation>
			</ref>
			<ref id="b25">
				<mixed-citation publication-type="journal"><name><surname>Abiteboul</surname><given-names>S</given-names></name>. <article-title>Deconstructing Markov models with WAE</article-title>. <source>IEEE JSAC</source>. <year>1953</year> <month>Feb</month>; <volume>2</volume>(<issue>3</issue>): <fpage>79</fpage>-<lpage>99</lpage>.</mixed-citation>
			</ref>
			<ref id="b26">
				<mixed-citation publication-type="confproc"><name><surname>Culler</surname><given-names>D</given-names></name>, <name><surname>Taylor</surname><given-names>H</given-names></name>, <name><surname>Mouse</surname><given-names>AE</given-names></name>. <article-title>Cooperative, pseudorandom models for DNS</article-title>. <source>Proceedings of the Conference on Robust, Decentralized, Constant-Time Theory</source>. <year>2003</year> <month>Mar</month>.</mixed-citation>
			</ref>
			<ref id="b27">
				<mixed-citation publication-type="report"><name><surname>Hoare</surname><given-names>CAR</given-names></name>. <article-title>A refinement of wide-area networks</article-title>. <source>UIUC, Tech. Rep. 990-455-1678</source>. <year>2004</year> <month>Jul</month>.</mixed-citation>
			</ref>
			<ref id="b28">
				<mixed-citation publication-type="confproc"><name><surname>Anderson</surname><given-names>G</given-names></name>, <name><surname>Tarjan</surname><given-names>R</given-names></name>. <article-title>On the synthesis of von Neumann machines</article-title>. <source>Proceedings of WMSCI</source>. <year>2005</year> <month>Dec</month>.</mixed-citation>
			</ref>
			<ref id="b29">
				<mixed-citation publication-type="journal"><name><surname>Turing</surname><given-names>A</given-names></name>. <article-title>Exploration of model checking</article-title>. <source>Journal of Game-Theoretic, Encrypted Modalities</source>. <year>1991</year> <month>Oct</month>; <volume>11</volume>(<issue>2</issue>): <fpage>73</fpage>-<lpage>99</lpage>.</mixed-citation>
			</ref>
			<ref id="b30">				
				<mixed-citation publication-type="discussion" publication-format="list"><name><surname>Ramirez</surname><given-names>AG</given-names></name>. <article-title>NPM1 gene mutation in AML</article-title>. In: <source>AML-Listserv [Internet]</source>. <publisher-loc>New York</publisher-loc>:<publisher-name>Association of Cancer Online Resources</publisher-name>; <year>2007</year> <month>Jan</month> <day>12</day> [<date-in-citation>cited 2007 Jan 14</date-in-citation>]. <size units="screen">[about 3 screens]</size>.</mixed-citation> 
			</ref>
			<ref id="b31">
				<mixed-citation publication-type="confproc"><name><surname>Venkatesh</surname><given-names>SQ</given-names></name>. <article-title>A case for IPv4</article-title>. <source>Proceedings of SIGMETRICS</source>. <year>1992</year> <month>Jul</month>.</mixed-citation>
			</ref>
		</ref-list>
	</back>
</article>
